{"objectID":"_code_of_conduct.html#Code_of_Conduct.md","parent":"_code_of_conduct.html#expected_behavior","pageViews":0,"url":"writerside-documentation/code-of-conduct.html#Code-of-Conduct.md","mainTitle":"Code of Conduct","product":"","headings":"Code of Conduct","content":"If you need more information about how to fill in this template, read the accompanying guide.\nThe Code of Conduct template includes:\n- Placeholder text that you can replace with your own text. This text is indicated in {(curly braces)}. - Writing instructions, also in {(curly braces)}. - A supplementary Code of Conduct guide that provides more detailed information about using this template. Read the guide document first! This guide is located in the same folder as the template and is named about-code-of-conduct.md. - The Code of Conduct template should be used along with several other templates, including: - A Code of Conduct response plan template that you can use to create and explain the policy your team will follow as you handle Code of Conduct incidents. This template is included in the same folder as the Code of Conduct template and is named template-code-of-conduct-response-plan.md. See its accompany guide: about-code-of-conduct-response-plan.md. - A Code of Conduct incident record template for a form that is filled out when a community moderator takes an incident report from a community member. This template is included in the same folder as the Code of Conduct template and is named template-code-of-conduct-incident-record.md. See its accompany guide: about-code-of-conduct-incident-record.md. - A Code of Conduct remediation record template for a form that is filled out when a community moderator meets with a community member to explain the consequences of a Code of Conduct violation. This template is included in the same folder as the Code of Conduct template and is named template-code-of-conduct-remediation-record.md. See its accompany guide: about-code-of-conduct-remediation-record.md. You might also consider using the ../our-team/template-our-team.md template to let your community members know who they can contact to report a Code of Conduct violation. This document is useful beyond Code of Conduct violations. It is a core document that helps you clearly communicate who belongs to your open source project or organization.\n{(Include your project\u0027s opening statement of purpose in this section. Replace your own project\u0027s name in the indicated placeholder text. You are welcome to customize or reword this boilerplate text as needed. Alternatively, you can write your own project\u0027s statement of purpose from scratch.)}\n{(Project name)} and its members, contributors, sponsors, and leaders pledge to make participation in our community a positive, inclusive, and safe experience for all. {(Project name)} encourages contributions from everyone who shares our goals and wants to participate in a healthy, constructive, and professional manner.\nThis Code of Conduct aims to support a community where all people should feel safe to participate, to introduce new ideas, and to inspire others. This includes everyone, regardless of: ability, age, background, body size or type, caste, disability (either visible or invisible), education, ethnicity, family status, gender, gender identity and expression, geographic location, level of experience, marital status, nationality or national origin, native language, personal appearance, race, religion, sexual identity and orientation, socio-economic status, or any other dimension of diversity.\nOpenness and respectful collaboration are core values at {(Project name)}. We are committed to being a community that everyone feels good about joining, and we will always work to treat everyone well. No matter how you identify yourself or how others perceive you, you are welcome. We gain strength from diversity and actively seek participation from those who enhance it.\nThese guidelines exist to enable all {(Project name)} community members to collaborate effectively. As such, this document outlines both expected behavior and behavior that will not be tolerated. The Code of Conduct isn’t an exhaustive list of things that you must do or can’t do. Rather, take it in the spirit in which it’s intended. It’s a set of guidelines to make it easier to enrich our community.\n","pageTitle":"Code of Conduct","metaDescription":"","type":"Documentation","breadcrumbs":"","root":0,"depth":0}