{"objectID":"_code_of_conduct.html#reporting_an_incident","parent":"_code_of_conduct.html#expected_behavior","pageViews":0,"url":"writerside-documentation/code-of-conduct.html#reporting-an-incident","mainTitle":"Code of Conduct","product":"","headings":"Code of Conduct,Reporting an incident","content":"Instances of abusive, harassing, or otherwise unacceptable behavior may be reported to one of the {(Project name)} {(link to your community moderators document community moderators)}. If you would like to discuss your concerns or if you have personally experienced unacceptable behavior, please reach out to a community moderator as soon as possible.\nWe encourage reaching out to a community moderator, even if you are unsure whether something counts as a Code of Conduct incident or even if the situation is merely something you observed and did not happen to you directly.\nPlease reach out as soon as possible if:\n- You would like to discuss any concerns. - You have personally experienced unacceptable or potentially unacceptable behavior. - You want to report a situation happening to someone else. ","pageTitle":"Reporting an incident","metaDescription":"","type":"Documentation","breadcrumbs":"","root":0,"depth":0}