{"objectID":"_code_of_conduct.html#addressing_code_of_conduct_reports","parent":"_code_of_conduct.html#expected_behavior","pageViews":0,"url":"writerside-documentation/code-of-conduct.html#addressing-code-of-conduct-reports","mainTitle":"Code of Conduct","product":"","headings":"Code of Conduct,Addressing Code of Conduct reports","content":"All complaints will be reviewed and investigated promptly and fairly. If possible, community moderators will recuse themselves in cases where there is a conflict of interest. See our {(link to your Code of Conduct response plan)} for more details.\nAn internal record will be kept of all incidents. However, all community leaders are obligated to respect the privacy and security of the reporter of any incident. In some cases, community moderators may determine that a public statement will need to be made. If that\u0027s the case, the identities of all victims and reporters will remain confidential unless those individuals instruct us otherwise.\nIf you feel you have been unfairly accused of violating these guidelines, please follow the same process for reporting a Code of Conduct incident.\n","pageTitle":"Addressing Code of Conduct reports","metaDescription":"","type":"Documentation","breadcrumbs":"","root":0,"depth":0}