{"objectID":"_code_of_conduct.html#expected_behavior","parent":"_code_of_conduct.html#expected_behavior","pageViews":0,"url":"writerside-documentation/code-of-conduct.html#expected-behavior","mainTitle":"Code of Conduct","product":"","headings":"Code of Conduct,Expected behavior","content":"We expect our members, contributors, and leaders to:\n- Participate in the community actively and authentically. Your meaningful contributions add to the health and longevity of this community. - When you make commitments, do your best to keep those commitments. Other community members will trust you and build confidence in you if you fulfill your promises. If something may prevent you from keeping a commitment or if you discover you won\u0027t be able to complete a task on time, try to notify others as soon as possible. - Attempt collaboration before conflict. Seek out and be respectful of differing opinions, styles, viewpoints, and experiences. - Give and accept constructive feedback, gracefully. When expressing disagreement, be professional and respectful. Be open to learning from and educating others where needed. - Demonstrate empathy and kindness toward other people. Be considerate and respectful in your word choice, speech, and actions. Show respect with the terms you use to address others. - Look out for those around you in the community, especially if you are in a position of influence. Alert the {(Project name)} {(link to your community moderators document community moderators)} if you notice a dangerous situation, someone in distress, or violations of this Code of Conduct, even if they seem inconsequential. - Gracefully accept responsibility and apologize to those affected by any mistakes, whether made intentionally or unintentionally. If someone says they have been harmed through your words or actions, listen carefully, make amends, learn from the experience, and correct the behavior going forward. - Focus on what is best for the overall community, not just for each of us individually. Ensure that leadership roles and opportunities are well-distributed across the community membership and not just centered in one person or the same few people. To help our community develop and build up leaders at every level of the {(Project name)}, ensure that you share knowledge with others as much as possible and be mindful of fostering healthy dialogue where no one voice dominates a conversation. ","pageTitle":"Expected behavior","metaDescription":"","type":"Documentation","breadcrumbs":"","root":0,"depth":0}