{"objectID":"_code_of_conduct.html#where_this_code_of_conduct_applies","parent":"_code_of_conduct.html#expected_behavior","pageViews":0,"url":"writerside-documentation/code-of-conduct.html#where-this-code-of-conduct-applies","mainTitle":"Code of Conduct","product":"","headings":"Code of Conduct,Where this Code of Conduct applies","content":"These guidelines apply to all members of the {(Project name)} and to all {(Project name)} activities, including but not limited to:\n- Representing the {(Project name)} at public events and in social media. - Participating in the {(Project name)} meetings and events, whether virtual or in person. - Participating in the {(Project name)}’s related messaging forums, including our Slack workspace and mailing list and other {(Project name)}-related correspondence. - Interpersonal communications between {(Project name)} community members, whether virtual or in person. While this Code of Conduct applies specifically to the {(Project name)}’s work and community, it is possible for actions taken outside of the{(Project name)}’s online or in-person spaces to have a deep impact on community health if it concerns the {(Project name)} or its members in some way. The Code of Conduct moderators reserve the right to consider communications or actions that occur outside of official {(Project name)} spaces if they have a demonstrated impact on one or more community members.\n","pageTitle":"Where this Code of Conduct applies","metaDescription":"","type":"Documentation","breadcrumbs":"","root":0,"depth":0}