{"objectID":"_code_of_conduct.html#related_resources","parent":"_code_of_conduct.html#expected_behavior","pageViews":0,"url":"writerside-documentation/code-of-conduct.html#related-resources","mainTitle":"Code of Conduct","product":"","headings":"Code of Conduct,Related resources","content":"{(Include a list of links to related resources, such as your Code of Conduct Response Plan and the Our Team page where you list who can be contacted to report Code of Conduct incidents. You can also include additional information, such as links to articles that explain the rationale behind your Code of Conduct.)}\nExplore other templates from The Good Docs Project. Use our feedback form to give feedback on this template.\n","pageTitle":"Related resources","metaDescription":"","type":"Documentation","breadcrumbs":"","root":0,"depth":0}