{"objectID":"_default_topic.html#Default_topic.md","parent":"_default_topic.html#Default_topic.md","pageViews":0,"url":"writerside-documentation/default-topic.html#Default-topic.md","mainTitle":"This is the first topic","product":"","headings":"This is the first topic","content":"stateDiagram-v2\n    [*] --\u0026gt; START\n    CHOOSE: 一段很长很长很长很长很长很长很长很长很长很长很长很长很长很长的文本\n    START --\u0026gt; CHOOSE\n    CHOOSE --\u0026gt; [*]\nstateDiagram-v2\n    state AAA {\n        [*] --\u0026gt; B: just some text with long long long content\n        B: just some text with long long long long long long content\n        B --\u0026gt; [*]: just some text with long long long content\n    }\n@startuml\n    A -\u0026gt; B\n    B --\u0026gt; C\n@enduml\n\n@startgantt\n[Prototype design] requires 15 days\n[Test prototype] requires 10 days\n-- All example --\n[Task 1 (1 day)] requires 1 day\n[T2 (5 days)] requires 5 days\n[T3 (1 week)] requires 1 week\n[T4 (1 week and 4 days)] requires 1 week and 4 days\n[T5 (2 weeks)] requires 2 weeks\n@endgantt\nPreview:\ngraph TD;\n    A[初始化] --\u0026gt; B{是否初始化成功?}\n    B --\u0026gt;|是| C[准备关机]\n    B --\u0026gt;|否| D[清除缓存]\n    D --\u0026gt; A\n","pageTitle":"This is the first topic","metaDescription":"","type":"Documentation","breadcrumbs":"","root":0,"depth":0}