{"objectID":"_glossary.html#Glossary.md","parent":"_glossary.html#Glossary.md","pageViews":0,"url":"writerside-documentation/glossary.html#Glossary.md","mainTitle":"Glossary","product":"","headings":"Glossary","content":"{(If you need more information about how to fill in this template, read the accompanying Glossary template guide.)}\n{(This template includes boilerplate text that you can customize, use as-is, or completely replace with your own text. This text is indicated in {curly brackets)}. Make sure you replace the placeholders with your own text.}\nTerm {(Optional)} Abbreviation Definition {(Optional)} Source\n{(Term)} {(Abbreviation)} {(Definition)} {(Source)}\n{(Explore other templates from The Good Docs Project. Use our feedback form to give feedback on this template.)}\n","pageTitle":"Glossary","metaDescription":"","type":"Documentation","breadcrumbs":"","root":0,"depth":0}